"export","urban","gdp","population_0.14","population_15_64","population_65","trade","trade_service","GDP","year","month"
17.92147046,40.46114026,5944.082491,34.63929525,59.56944,5.791264747,36.16810812,7.028979088,2.78357e+13,1983,1
17.9493175975,40.4907332675,5958.20072674999,34.6135384266667,59.5948029033333,5.79165866725,36.2783065616666,7.01865255675001,27944158333333.2,1983,2
17.977164735,40.520326275,5972.31896250001,34.5877816033333,59.6201658066667,5.7920525875,36.3885050033334,7.00832602549999,28052616666666.8,1983,3
18.0050118725,40.5499192825,5986.43719825,34.56202478,59.64552871,5.79244650775,36.498703445,6.99799949425,2.8161075e+13,1983,4
18.03285901,40.57951229,6000.55543399999,34.5362679566667,59.6708916133333,5.792840428,36.6089018866666,6.98767296300001,28269533333333.2,1983,5
18.0607061475,40.6091052975,6014.67366975001,34.5105111333333,59.6962545166667,5.79323434825,36.7191003283334,6.97734643174999,28377991666666.8,1983,6
18.088553285,40.638698305,6028.7919055,34.48475431,59.72161742,5.7936282685,36.82929877,6.9670199005,2.848645e+13,1983,7
18.1164004225,40.6682913125,6042.91014124999,34.4589974866667,59.7469803233333,5.79402218875,36.9394972116666,6.95669336925001,28594908333333.2,1983,8
18.14424756,40.69788432,6057.02837700001,34.4332406633333,59.7723432266667,5.794416109,37.0496956533334,6.94636683799999,28703366666666.8,1983,9
18.1720946975,40.7274773275,6071.14661275,34.40748384,59.79770613,5.79481002925,37.159894095,6.93604030675,2.8811825e+13,1983,10
18.199941835,40.757070335,6085.26484849999,34.3817270166667,59.8230690333333,5.7952039495,37.2700925366666,6.92571377550001,28920283333333.2,1983,11
18.2277889725,40.7866633425,6099.38308425001,34.3559701933333,59.8484319366667,5.79559786975,37.3802909783334,6.91538724424999,29028741666666.8,1983,12
18.25563611,40.81625635,6113.50132,34.33021337,59.87379484,5.79599179,37.49048942,6.905060713,2.91372e+13,1984,1
18.2058563683334,40.84612031,6123.16786891666,34.3058977258334,59.8958089433333,5.79829333091666,37.453095035,6.89243296183334,29227241666666.6,1984,2
18.1560766266666,40.87598427,6132.83441783334,34.2815820816666,59.9178230466667,5.80059487183334,37.41570065,6.87980521066665,29317283333333.4,1984,3
18.106296885,40.90584823,6142.50096675,34.2572664375,59.93983715,5.80289641275,37.378306265,6.8671774595,2.9407325e+13,1984,4
18.0565171433334,40.93571219,6152.16751566666,34.2329507933334,59.9618512533333,5.80519795366666,37.34091188,6.85454970833335,29497366666666.6,1984,5
18.0067374016666,40.96557615,6161.83406458334,34.2086351491666,59.9838653566667,5.80749949458334,37.303517495,6.84192195716666,29587408333333.4,1984,6
17.95695766,40.99544011,6171.5006135,34.184319505,60.00587946,5.8098010355,37.26612311,6.829294206,2.967745e+13,1984,7
17.9071779183334,41.02530407,6181.16716241666,34.1600038608334,60.0278935633333,5.81210257641666,37.228728725,6.81666645483334,29767491666666.6,1984,8
17.8573981766666,41.05516803,6190.83371133334,34.1356882166666,60.0499076666667,5.81440411733334,37.19133434,6.80403870366665,29857533333333.4,1984,9
17.807618435,41.08503199,6200.50026025,34.1113725725,60.07192177,5.81670565825,37.153939955,6.7914109525,2.9947575e+13,1984,10
17.7578386933334,41.11489595,6210.16680916666,34.0870569283334,60.0939358733333,5.81900719916666,37.11654557,6.77878320133335,30037616666666.6,1984,11
17.7080589516666,41.14475991,6219.83335808334,34.0627412841666,60.1159499766667,5.82130874008334,37.079151185,6.76615545016666,30127658333333.4,1984,12
17.65827921,41.17462387,6229.499907,34.03842564,60.13796408,5.823610281,37.0417568,6.753527699,3.02177e+13,1985,1
17.5822638425001,41.204961985,6236.84699966666,34.0162878141667,60.1568443483333,5.826867838,36.8364462583335,6.75809229916666,30299124999999.9,1985,2
17.5062484749999,41.2353001,6244.19409233334,33.9941499883333,60.1757246166667,5.830125395,36.6311357166665,6.76265689933334,30380550000000.1,1985,3
17.4302331075,41.265638215,6251.541185,33.9720121625,60.194604885,5.833382952,36.425825175,6.7672214995,3.0461975e+13,1985,4
17.3542177400001,41.29597633,6258.88827766666,33.9498743366667,60.2134851533333,5.836640509,36.2205146333335,6.77178609966666,30543399999999.9,1985,5
17.2782023724999,41.326314445,6266.23537033334,33.9277365108333,60.2323654216667,5.839898066,36.0152040916665,6.77635069983334,30624825000000.1,1985,6
17.202187005,41.35665256,6273.582463,33.905598685,60.25124569,5.843155623,35.80989355,6.7809153,3.070625e+13,1985,7
17.1261716375001,41.386990675,6280.92955566666,33.8834608591667,60.2701259583333,5.84641318,35.6045830083335,6.78547990016666,30787674999999.9,1985,8
17.0501562699999,41.41732879,6288.27664833334,33.8613230333333,60.2890062266667,5.849670737,35.3992724666665,6.79004450033334,30869100000000.1,1985,9
16.9741409025,41.447666905,6295.623741,33.8391852075,60.307886495,5.852928294,35.193961925,6.7946091005,3.0950525e+13,1985,10
16.8981255350001,41.47800502,6302.97083366666,33.8170473816667,60.3267667633333,5.856185851,34.9886513833335,6.79917370066666,31031949999999.9,1985,11
16.8221101674999,41.508343135,6310.31792633334,33.7949095558333,60.3456470316667,5.859443408,34.7833408416665,6.80373830083334,31113375000000.1,1985,12
16.7460948,41.53868125,6317.665019,33.77277173,60.3645273,5.862700965,34.5780303,6.808302901,3.11948e+13,1986,1
16.8022844166666,41.5692823441666,6327.72037983332,33.7543225583333,60.3794042625,5.8662731745,34.6839673449999,6.82919890008331,31292374999999.9,1986,2
16.8584740333334,41.5998834383334,6337.77574066668,33.7358733866667,60.394281225,5.869845384,34.7899043900001,6.85009489916669,31389950000000.1,1986,3
16.91466365,41.6304845325,6347.8311015,33.717424215,60.4091581875,5.8734175935,34.895841435,6.87099089825,3.1487525e+13,1986,4
16.9708532666666,41.6610856266666,6357.88646233332,33.6989750433333,60.42403515,5.876989803,35.0017784799999,6.89188689733331,31585099999999.9,1986,5
17.0270428833334,41.6916867208334,6367.94182316668,33.6805258716667,60.4389121125,5.8805620125,35.1077155250001,6.91278289641669,31682675000000.1,1986,6
17.0832325,41.722287815,6377.997184,33.6620767,60.453789075,5.884134222,35.21365257,6.9336788955,3.178025e+13,1986,7
17.1394221166666,41.7528889091666,6388.05254483332,33.6436275283333,60.4686660375,5.8877064315,35.3195896149999,6.95457489458331,31877824999999.9,1986,8
17.1956117333334,41.7834900033334,6398.10790566668,33.6251783566667,60.483543,5.891278641,35.4255266600001,6.97547089366669,31975400000000.1,1986,9
17.25180135,41.8140910975,6408.1632665,33.606729185,60.4984199625,5.8948508505,35.531463705,6.99636689275,3.2072975e+13,1986,10
17.3079909666666,41.8446921916666,6418.21862733332,33.5882800133333,60.513296925,5.89842306,35.6374007499999,7.01726289183331,32170549999999.9,1986,11
17.3641805833334,41.8752932858334,6428.27398816668,33.5698308416667,60.5281738875,5.9019952695,35.7433377950001,7.03815889091669,32268125000000.1,1986,12
17.4203702,41.90589438,6438.329349,33.55138167,60.54305085,5.905567479,35.84927484,7.05905489,3.23657e+13,1987,1
17.4628304791666,41.9364433591666,6452.85498616665,33.5346291325,60.5556947908333,5.909676076,36.0017245791665,7.06411870783333,32488391666666.6,1987,2
17.5052907583334,41.9669923383334,6467.38062333335,33.517876595,60.5683387316667,5.913784673,36.1541743183335,7.06918252566667,32611083333333.4,1987,3
17.5477510375,41.9975413175,6481.9062605,33.5011240575,60.5809826725,5.91789327,36.3066240575,7.0742463435,3.2733775e+13,1987,4
17.5902113166666,42.0280902966666,6496.43189766665,33.48437152,60.5936266133333,5.922001867,36.4590737966665,7.07931016133333,32856466666666.6,1987,5
17.6326715958334,42.0586392758334,6510.95753483335,33.4676189825,60.6062705541667,5.926110464,36.6115235358335,7.08437397916667,32979158333333.4,1987,6
17.675131875,42.089188255,6525.483172,33.450866445,60.618914495,5.930219061,36.763973275,7.089437797,3.310185e+13,1987,7
17.7175921541666,42.1197372341666,6540.00880916665,33.4341139075,60.6315584358333,5.934327658,36.9164230141665,7.09450161483333,33224541666666.6,1987,8
17.7600524333334,42.1502862133334,6554.53444633335,33.41736137,60.6442023766667,5.938436255,37.0688727533335,7.09956543266667,33347233333333.4,1987,9
17.8025127125,42.1808351925,6569.0600835,33.4006088325,60.6568463175,5.942544852,37.2213224925,7.1046292505,3.3469925e+13,1987,10
17.8449729916666,42.2113841716666,6583.58572066665,33.383856295,60.6694902583333,5.946653449,37.3737722316665,7.10969306833333,33592616666666.6,1987,11
17.8874332708334,42.2419331508334,6598.11135783335,33.3671037575,60.6821341991667,5.950762046,37.5262219708335,7.11475688616667,33715308333333.4,1987,12
17.92989355,42.27248213,6612.636995,33.35035122,60.69477814,5.954870643,37.67867171,7.119820704,3.3838e+13,1988,1
17.9815126475,42.3022248341666,6623.22741541666,33.3355116883333,60.7048052433333,5.95968307091666,37.7100506733333,7.13438042033332,33943008333333.2,1988,2
18.033131745,42.3319675383334,6633.81783583334,33.3206721566667,60.7148323466667,5.96449549883334,37.7414296366667,7.14894013666668,34048016666666.8,1988,3
18.0847508425,42.3617102425,6644.40825625,33.305832625,60.72485945,5.96930792675,37.7728086,7.163499853,3.4153025e+13,1988,4
18.13636994,42.3914529466666,6654.99867666666,33.2909930933333,60.7348865533333,5.97412035466666,37.8041875633333,7.17805956933332,34258033333333.2,1988,5
18.1879890375,42.4211956508334,6665.58909708334,33.2761535616667,60.7449136566667,5.97893278258334,37.8355665266667,7.19261928566668,34363041666666.8,1988,6
18.239608135,42.450938355,6676.1795175,33.26131403,60.75494076,5.9837452105,37.86694549,7.207179002,3.446805e+13,1988,7
18.2912272325,42.4806810591666,6686.76993791666,33.2464744983333,60.7649678633333,5.98855763841666,37.8983244533333,7.22173871833332,34573058333333.2,1988,8
18.34284633,42.5104237633334,6697.36035833334,33.2316349666667,60.7749949666667,5.99337006633334,37.9297034166667,7.23629843466668,34678066666666.8,1988,9
18.3944654275,42.5401664675,6707.95077875,33.216795435,60.78502207,5.99818249425,37.96108238,7.250858151,3.4783075e+13,1988,10
18.446084525,42.5699091716666,6718.54119916666,33.2019559033333,60.7950491733333,6.00299492216666,37.9924613433333,7.26541786733332,34888083333333.2,1988,11
18.4977036225,42.5996518758334,6729.13161958334,33.1871163716667,60.8050762766667,6.00780735008334,38.0238403066667,7.27997758366668,34993091666666.8,1988,12
18.54932272,42.62939458,6739.72204,33.17227684,60.81510338,6.012619778,38.05521927,7.2945373,3.50981e+13,1989,1
18.5743798783333,42.6591542458333,6745.03430625,33.1609036933333,60.8214452375,6.01765106758333,38.0560264025,7.32944826566663,35177699999999.9,1989,2
18.5994370366667,42.6889139116667,6750.3465725,33.1495305466667,60.827787095,6.02268235716667,38.056833535,7.36435923133337,35257300000000.1,1989,3
18.624494195,42.7186735775,6755.65883875,33.1381574,60.8341289525,6.02771364675,38.0576406675,7.399270197,3.53369e+13,1989,4
18.6495513533333,42.7484332433333,6760.971105,33.1267842533333,60.84047081,6.03274493633333,38.0584478,7.43418116266664,35416499999999.9,1989,5
18.6746085116667,42.7781929091667,6766.28337125,33.1154111066667,60.8468126675,6.03777622591667,38.0592549325,7.46909212833337,35496100000000.1,1989,6
18.69966567,42.807952575,6771.5956375,33.10403796,60.853154525,6.0428075155,38.060062065,7.504003094,3.55757e+13,1989,7
18.7247228283333,42.8377122408333,6776.90790375,33.0926648133333,60.8594963825,6.04783880508333,38.0608691975,7.53891405966664,35655299999999.9,1989,8
18.7497799866667,42.8674719066667,6782.22017,33.0812916666667,60.86583824,6.05287009466667,38.06167633,7.57382502533336,35734900000000.1,1989,9
18.774837145,42.8972315725,6787.53243625,33.06991852,60.8721800975,6.05790138425,38.0624834625,7.608735991,3.58145e+13,1989,10
18.7998943033333,42.9269912383333,6792.8447025,33.0585453733333,60.878521955,6.06293267383333,38.063290595,7.64364695666664,35894099999999.9,1989,11
18.8249514616667,42.9567509041667,6798.15696875,33.0471722266667,60.8848638125,6.06796396341667,38.0640977275,7.67855792233337,35973700000000.1,1989,12
18.85000862,42.98651057,6803.469235,33.03579908,60.89120567,6.072995253,38.06490486,7.713468888,3.60533e+13,1990,1
18.8427405675,43.0166478408333,6800.82920375,33.0231386333333,60.8984573533333,6.07840401666666,38.0544894783333,7.72640970024999,3.6089675e+13,1990,2
18.835472515,43.0467851116667,6798.1891725,33.0104781866667,60.9057090366667,6.08381278033334,38.0440740966667,7.73935051250001,3.612605e+13,1990,3
18.8282044625,43.0769223825,6795.54914125,32.99781774,60.91296072,6.089221544,38.033658715,7.75229132475,3.6162425e+13,1990,4
18.82093641,43.1070596533333,6792.90911,32.9851572933333,60.9202124033333,6.09463030766666,38.0232433333333,7.76523213699999,3.61988e+13,1990,5
18.8136683575,43.1371969241667,6790.26907875,32.9724968466667,60.9274640866667,6.10003907133334,38.0128279516667,7.77817294925001,3.6235175e+13,1990,6
18.806400305,43.167334195,6787.6290475,32.9598364,60.93471577,6.105447835,38.00241257,7.7911137615,3.627155e+13,1990,7
18.7991322525,43.1974714658333,6784.98901625,32.9471759533333,60.9419674533333,6.11085659866666,37.9919971883333,7.80405457374999,3.6307925e+13,1990,8
18.7918642,43.2276087366667,6782.348985,32.9345155066666,60.9492191366667,6.11626536233334,37.9815818066667,7.81699538600001,3.63443e+13,1990,9
18.7845961475,43.2577460075,6779.70895375,32.92185506,60.95647082,6.121674126,37.971166425,7.82993619825,3.6380675e+13,1990,10
18.777328095,43.2878832783333,6777.0689225,32.9091946133333,60.9637225033333,6.12708288966666,37.9607510433333,7.84287701049999,3.641705e+13,1990,11
18.7700600425,43.3180205491667,6774.42889125,32.8965341666667,60.9709741866667,6.13249165333334,37.9503356616667,7.85581782275001,3.6453425e+13,1990,12
18.76279199,43.34815782,6771.78886,32.88387372,60.97822587,6.137900417,37.93992028,7.868758635,3.64898e+13,1991,1
18.8542043841666,43.3782114108333,6773.88510908333,32.8696220666667,60.9864265425,6.14395139766666,38.1798946966665,7.89691359058331,36551291666666.6,1991,2
18.9456167783334,43.4082650016667,6775.98135816667,32.8553704133333,60.994627215,6.15000237833334,38.4198691133336,7.92506854616669,36612783333333.4,1991,3
19.0370291725,43.4383185925,6778.07760725,32.84111876,61.0028278875,6.156053359,38.65984353,7.95322350175,3.6674275e+13,1991,4
19.1284415666666,43.4683721833333,6780.17385633333,32.8268671066667,61.01102856,6.16210433966666,38.8998179466665,7.98137845733331,36735766666666.6,1991,5
19.2198539608334,43.4984257741667,6782.27010541667,32.8126154533333,61.0192292325,6.16815532033334,39.1397923633336,8.00953341291669,36797258333333.4,1991,6
19.311266355,43.528479365,6784.3663545,32.7983638,61.027429905,6.174206301,39.37976678,8.0376883685,3.685875e+13,1991,7
19.4026787491666,43.5585329558333,6786.46260358333,32.7841121466667,61.0356305775,6.18025728166666,39.6197411966664,8.06584332408331,36920241666666.6,1991,8
19.4940911433334,43.5885865466667,6788.55885266667,32.7698604933333,61.04383125,6.18630826233334,39.8597156133335,8.09399827966669,36981733333333.4,1991,9
19.5855035375,43.6186401375,6790.65510175,32.75560884,61.0520319225,6.192359243,40.09969003,8.12215323525,3.7043225e+13,1991,10
19.6769159316666,43.6486937283333,6792.75135083333,32.7413571866667,61.060232595,6.19841022366666,40.3396644466664,8.15030819083331,37104716666666.6,1991,11
19.7683283258334,43.6787473191667,6794.84759991667,32.7271055333333,61.0684332675,6.20446120433334,40.5796388633335,8.17846314641669,37166208333333.4,1991,12
19.85974072,43.70880091,6796.943849,32.71285388,61.07663394,6.210512185,40.81961328,8.206618102,3.72277e+13,1992,1
19.7837234466667,43.7383925575,6798.28221825,32.6980252733333,61.0848897441667,6.21708498641666,40.7802077933334,8.21323355208333,37284799999999.9,1992,2
19.7077061733333,43.767984205,6799.6205875,32.6831966666667,61.0931455483333,6.22365778783334,40.7408023066666,8.21984900216667,37341900000000.1,1992,3
19.6316889,43.7975758525,6800.95895675,32.66836806,61.1014013525,6.23023058925,40.70139682,8.22646445225,3.7399e+13,1992,4
19.5556716266667,43.8271675,6802.297326,32.6535394533333,61.1096571566667,6.23680339066666,40.6619913333334,8.23307990233333,37456099999999.9,1992,5
19.4796543533333,43.8567591475,6803.63569525,32.6387108466667,61.1179129608333,6.24337619208334,40.6225858466666,8.23969535241667,37513200000000.1,1992,6
19.40363708,43.886350795,6804.9740645,32.62388224,61.126168765,6.2499489935,40.58318036,8.2463108025,3.75703e+13,1992,7
19.3276198066667,43.9159424425,6806.31243375,32.6090536333333,61.1344245691667,6.25652179491666,40.5437748733334,8.25292625258333,37627399999999.9,1992,8
19.2516025333333,43.94553409,6807.650803,32.5942250266667,61.1426803733333,6.26309459633334,40.5043693866666,8.25954170266667,37684500000000.1,1992,9
19.17558526,43.9751257375,6808.98917225,32.57939642,61.1509361775,6.26966739775,40.4649639,8.26615715275,3.77416e+13,1992,10
19.0995679866667,44.004717385,6810.3275415,32.5645678133333,61.1591919816667,6.27624019916666,40.4255584133334,8.27277260283333,37798699999999.9,1992,11
19.0235507133333,44.0343090325,6811.66591075,32.5497392066667,61.1674477858333,6.28281300058334,40.3861529266666,8.27938805291667,37855800000000.1,1992,12
18.94753344,44.06390068,6813.00428,32.5349106,61.17570359,6.289385802,40.34674744,8.286003503,3.79129e+13,1993,1
18.9938543658333,44.0937293866666,6823.04327466666,32.5170244525,61.1865770533333,6.29639848699999,40.4249325183333,8.28094693216667,38018491666666.6,1993,2
19.0401752916667,44.1235580933334,6833.08226933334,32.499138305,61.1974505166667,6.30341117200001,40.5031175966667,8.27589036133333,38124083333333.4,1993,3
19.0864962175,44.1533868,6843.121264,32.4812521575,61.20832398,6.310423857,40.581302675,8.2708337905,3.8229675e+13,1993,4
19.1328171433333,44.1832155066666,6853.16025866666,32.46336601,61.2191974433333,6.31743654199999,40.6594877533333,8.26577721966667,38335266666666.6,1993,5
19.1791380691667,44.2130442133334,6863.19925333334,32.4454798625,61.2300709066667,6.32444922700001,40.7376728316667,8.26072064883333,38440858333333.4,1993,6
19.225458995,44.24287292,6873.238248,32.427593715,61.24094437,6.331461912,40.81585791,8.255664078,3.854645e+13,1993,7
19.2717799208333,44.2727016266666,6883.27724266666,32.4097075675,61.2518178333333,6.33847459699999,40.8940429883333,8.25060750716667,38652041666666.6,1993,8
19.3181008466667,44.3025303333334,6893.31623733334,32.39182142,61.2626912966667,6.34548728200001,40.9722280666667,8.24555093633333,38757633333333.4,1993,9
19.3644217725,44.33235904,6903.355232,32.3739352725,61.27356476,6.352499967,41.050413145,8.2404943655,3.8863225e+13,1993,10
19.4107426983333,44.3621877466666,6913.39422666666,32.356049125,61.2844382233333,6.35951265199999,41.1285982233333,8.23543779466667,38968816666666.6,1993,11
19.4570636241667,44.3920164533334,6923.43322133334,32.3381629775,61.2953116866667,6.36652533700001,41.2067833016667,8.23038122383333,39074408333333.4,1993,12
19.50338455,44.42184516,6933.472216,32.32027683,61.30618515,6.373538022,41.28496838,8.225324653,3.918e+13,1994,1
19.6022143333332,44.4514909533333,6942.47543783333,32.2991068683333,61.3206317116666,6.38026142174999,41.4363318583332,8.24516400841665,39281141666666.6,1994,2
19.7010441166668,44.4811367466667,6951.47865966668,32.2779369066666,61.3350782733333,6.38698482150001,41.5876953366668,8.26500336383335,39382283333333.4,1994,3
19.7998739,44.51078254,6960.4818815,32.256766945,61.349524835,6.39370822125,41.739058815,8.28484271925,3.9483425e+13,1994,4
19.8987036833332,44.5404283333333,6969.48510333333,32.2355969833334,61.3639713966666,6.40043162099999,41.8904222933332,8.30468207466665,39584566666666.6,1994,5
19.9975334666668,44.5700741266667,6978.48832516668,32.2144270216666,61.3784179583333,6.40715502075001,42.0417857716668,8.32452143008335,39685708333333.4,1994,6
20.09636325,44.59971992,6987.491547,32.19325706,61.39286452,6.4138784205,42.19314925,8.3443607855,3.978685e+13,1994,7
20.1951930333332,44.6293657133333,6996.49476883332,32.1720870983333,61.4073110816667,6.42060182024999,42.3445127283332,8.36420014091665,39887991666666.6,1994,8
20.2940228166668,44.6590115066667,7005.49799066667,32.1509171366666,61.4217576433334,6.42732522000001,42.4958762066668,8.38403949633335,39989133333333.4,1994,9
20.3928526,44.6886573,7014.5012125,32.129747175,61.436204205,6.43404861975,42.647239685,8.40387885175,4.0090275e+13,1994,10
20.4916823833332,44.7183030933333,7023.50443433332,32.1085772133333,61.4506507666667,6.44077201949999,42.7986031633332,8.42371820716665,40191416666666.6,1994,11
20.5905121666668,44.7479488866667,7032.50765616667,32.0874072516666,61.4650973283333,6.44749541925001,42.9499666416668,8.44355756258335,40292558333333.4,1994,12
20.68934195,44.77759468,7041.510878,32.06623729,61.47954389,6.454218819,43.10133012,8.463396918,4.03937e+13,1995,1
20.7262064083333,44.8068462275,7053.54267733332,32.0427183508334,61.49684711,6.46043453774999,43.1125513666667,8.41017705808338,40514283333333.2,1995,2
20.7630708666667,44.836097775,7065.57447666668,32.0191994116666,61.51415033,6.46665025650001,43.1237726133333,8.35695719816662,40634866666666.8,1995,3
20.799935325,44.8653493225,7077.606276,31.9956804725,61.53145355,6.47286597525,43.13499386,8.30373733825,4.075545e+13,1995,4
20.8367997833333,44.89460087,7089.63807533332,31.9721615333334,61.54875677,6.47908169399999,43.1462151066667,8.25051747833338,40876033333333.2,1995,5
20.8736642416667,44.9238524175,7101.66987466668,31.9486425941666,61.56605999,6.48529741275001,43.1574363533333,8.19729761841662,40996616666666.8,1995,6
20.9105287,44.953103965,7113.701674,31.925123655,61.58336321,6.4915131315,43.1686576,8.1440777585,4.11172e+13,1995,7
20.9473931583333,44.9823555125,7125.73347333332,31.9016047158334,61.60066643,6.49772885024999,43.1798788466667,8.09085789858338,41237783333333.2,1995,8
20.9842576166667,45.01160706,7137.76527266668,31.8780857766666,61.61796965,6.50394456900001,43.1911000933333,8.03763803866662,41358366666666.8,1995,9
21.021122075,45.0408586075,7149.797072,31.8545668375,61.63527287,6.51016028775,43.20232134,7.98441817875,4.147895e+13,1995,10
21.0579865333333,45.070110155,7161.82887133332,31.8310478983334,61.65257609,6.51637600649999,43.2135425866667,7.93119831883338,41599533333333.2,1995,11
21.0948509916667,45.0993617025,7173.86067066668,31.8075289591666,61.66987931,6.52259172525001,43.2247638333333,7.87797845891662,41720116666666.8,1995,12
21.13171545,45.12861325,7185.89247,31.78401002,61.68718253,6.528807444,43.23598508,7.824758599,4.18407e+13,1996,1
21.2046008683333,45.1582427758333,7200.52109549999,31.756759735,61.7080155891666,6.53522466991666,43.3892789466665,7.86018551441663,41978541666666.5,1996,2
21.2774862866667,45.1878723016667,7215.14972100001,31.72950945,61.7288486483334,6.54164189583334,43.5425728133335,7.89561242983337,42116383333333.5,1996,3
21.350371705,45.2175018275,7229.7783465,31.702259165,61.7496817075,6.54805912175,43.69586668,7.93103934525,4.2254225e+13,1996,4
21.4232571233333,45.2471313533333,7244.40697199999,31.67500888,61.7705147666667,6.55447634766666,43.8491605466665,7.96646626066663,42392066666666.5,1996,5
21.4961425416667,45.2767608791667,7259.03559750001,31.647758595,61.7913478258334,6.56089357358334,44.0024544133335,8.00189317608337,42529908333333.5,1996,6
21.56902796,45.306390405,7273.664223,31.62050831,61.812180885,6.5673107995,44.15574828,8.0373200915,4.266775e+13,1996,7
21.6419133783333,45.3360199308333,7288.29284849999,31.593258025,61.8330139441666,6.57372802541666,44.3090421466665,8.07274700691663,42805591666666.5,1996,8
21.7147987966667,45.3656494566667,7302.92147400001,31.56600774,61.8538470033333,6.58014525133334,44.4623360133335,8.10817392233337,42943433333333.5,1996,9
21.787684215,45.3952789825,7317.5500995,31.538757455,61.8746800625,6.58656247725,44.61562988,8.14360083775,4.3081275e+13,1996,10
21.8605696333333,45.4249085083333,7332.17872499999,31.51150717,61.8955131216666,6.59297970316666,44.7689237466665,8.17902775316663,43219116666666.5,1996,11
21.9334550516667,45.4545380341667,7346.80735050001,31.484256885,61.9163461808334,6.59939692908334,44.9222176133335,8.21445466858337,43356958333333.5,1996,12
22.00634047,45.48416756,7361.435976,31.4570066,61.93717924,6.605814155,45.07551148,8.249881584,4.34948e+13,1997,1
21.9910111358334,45.5144373,7369.87027608333,31.4276841216667,61.9601086683333,6.61220720566666,45.1157270616666,8.27334128624998,43597849999999.9,1997,2
21.9756818016667,45.54470704,7378.30457616667,31.3983616433333,61.9830380966667,6.61860025633334,45.1559426433334,8.29680098850002,43700900000000.1,1997,3
21.9603524675,45.57497678,7386.73887625,31.369039165,62.005967525,6.624993307,45.196158225,8.32026069075,4.380395e+13,1997,4
21.9450231333333,45.60524652,7395.17317633333,31.3397166866667,62.0288969533333,6.63138635766666,45.2363738066666,8.34372039299998,43906999999999.9,1997,5
21.9296937991667,45.63551626,7403.60747641667,31.3103942083333,62.0518263816667,6.63777940833334,45.2765893883334,8.36718009525002,44010050000000.1,1997,6
21.914364465,45.665786,7412.0417765,31.28107173,62.07475581,6.644172459,45.31680497,8.3906397975,4.41131e+13,1997,7
21.8990351308333,45.69605574,7420.47607658333,31.2517492516667,62.0976852383333,6.65056550966666,45.3570205516666,8.41409949974998,44216149999999.9,1997,8
21.8837057966667,45.72632548,7428.91037666667,31.2224267733333,62.1206146666667,6.65695856033334,45.3972361333334,8.43755920200002,44319200000000.1,1997,9
21.8683764625,45.75659522,7437.34467675,31.193104295,62.143544095,6.663351611,45.437451715,8.46101890425,4.442225e+13,1997,10
21.8530471283333,45.78686496,7445.77897683333,31.1637818166667,62.1664735233333,6.66974466166666,45.4776672966666,8.48447860649998,44525299999999.9,1997,11
21.8377177941667,45.8171347,7454.21327691667,31.1344593383333,62.1894029516667,6.67613771233334,45.5178828783334,8.50793830875002,44628350000000.1,1997,12
21.82238846,45.84740444,7462.647577,31.10513686,62.21233238,6.682530763,45.55809846,8.531398011,4.47314e+13,1998,1
21.8301018675,45.8780981658333,7476.02639358332,31.0756265208334,62.2356192191666,6.68875426241666,45.5966532691666,8.56196890208331,44865191666666.5,1998,2
21.837815275,45.9087918916667,7489.40521016668,31.0461161816666,62.2589060583334,6.69497776183334,45.6352080783334,8.5925397931667,44998983333333.5,1998,3
21.8455286825,45.9394856175,7502.78402675,31.0166058425,62.2821928975,6.70120126125,45.6737628875,8.62311068425,4.5132775e+13,1998,4
21.85324209,45.9701793433333,7516.16284333332,30.9870955033334,62.3054797366666,6.70742476066666,45.7123176966666,8.65368157533331,45266566666666.5,1998,5
21.8609554975,46.0008730691667,7529.54165991668,30.9575851641666,62.3287665758334,6.71364826008334,45.7508725058334,8.68425246641669,45400358333333.5,1998,6
21.868668905,46.031566795,7542.9204765,30.928074825,62.352053415,6.7198717595,45.789427315,8.7148233575,4.553415e+13,1998,7
21.8763823125,46.0622605208333,7556.29929308332,30.8985644858334,62.3753402541666,6.72609525891666,45.8279821241666,8.74539424858331,45667941666666.5,1998,8
21.88409572,46.0929542466667,7569.67810966668,30.8690541466666,62.3986270933334,6.73231875833334,45.8665369333334,8.7759651396667,45801733333333.5,1998,9
21.8918091275,46.1236479725,7583.05692625,30.8395438075,62.4219139325,6.73854225775,45.9050917425,8.80653603075,4.5935525e+13,1998,10
21.899522535,46.1543416983333,7596.43574283332,30.8100334683334,62.4452007716666,6.74476575716666,45.9436465516666,8.83710692183331,46069316666666.5,1998,11
21.9072359425,46.1850354241667,7609.81455941668,30.7805231291666,62.4684876108334,6.75098925658334,45.9822013608334,8.86767781291669,46203108333333.5,1998,12
21.91494935,46.21572915,7623.193376,30.75101279,62.49177445,6.757212756,46.02075617,8.898248704,4.63369e+13,1999,1
22.0475980499999,46.2473123883333,7642.99283208332,30.7206769541667,62.5155920316666,6.76373101049999,46.3877601949997,8.92634448433331,46511933333333.2,1999,2
22.1802467500001,46.2788956266667,7662.79228816668,30.6903411183333,62.5394096133334,6.77024926500001,46.7547642200003,8.95444026466669,46686966666666.8,1999,3
22.31289545,46.310478865,7682.59174425,30.6600052825,62.563227195,6.7767675195,47.121768245,8.982536045,4.6862e+13,1999,4
22.4455441499999,46.3420621033333,7702.39120033332,30.6296694466667,62.5870447766666,6.78328577399999,47.4887722699997,9.01063182533331,47037033333333.2,1999,5
22.5781928500001,46.3736453416667,7722.19065641668,30.5993336108333,62.6108623583334,6.78980402850001,47.8557762950003,9.03872760566669,47212066666666.8,1999,6
22.71084155,46.40522858,7741.9901125,30.568997775,62.63467994,6.796322283,48.22278032,9.066823386,4.73871e+13,1999,7
22.8434902499999,46.4368118183333,7761.78956858332,30.5386619391667,62.6584975216666,6.80284053749999,48.5897843449997,9.09491916633331,47562133333333.2,1999,8
22.9761389500001,46.4683950566667,7781.58902466668,30.5083261033333,62.6823151033334,6.80935879200001,48.9567883700003,9.12301494666669,47737166666666.8,1999,9
23.10878765,46.499978295,7801.38848075,30.4779902675,62.706132685,6.8158770465,49.323792395,9.151110727,4.79122e+13,1999,10
23.2414363499999,46.5315615333333,7821.18793683332,30.4476544316667,62.7299502666666,6.82239530099999,49.6907964199997,9.17920650733331,48087233333333.2,1999,11
23.3740850500001,46.5631447716667,7840.98739291669,30.4173185958333,62.7537678483334,6.82891355550001,50.0578004450003,9.20730228766669,48262266666666.8,1999,12
23.50673375,46.59472801,7860.786849,30.38698276,62.77758543,6.83543181,50.42480447,9.235398068,4.84373e+13,2000,1
23.4570848816667,46.631761725,7865.20119475,30.3554336125,62.8020941916666,6.84247219583333,50.3308181858334,9.24602097116666,48519383333333.3,2000,2
23.4074360133333,46.66879544,7869.6155405,30.323884465,62.8266029533334,6.84951258166667,50.2368319016666,9.25664387433334,48601466666666.7,2000,3
23.357787145,46.705829155,7874.02988625,30.2923353175,62.851111715,6.8565529675,50.1428456175,9.2672667775,4.868355e+13,2000,4
23.3081382766667,46.74286287,7878.444232,30.26078617,62.8756204766666,6.86359335333333,50.0488593333334,9.27788968066666,48765633333333.3,2000,5
23.2584894083333,46.779896585,7882.85857775,30.2292370225,62.9001292383334,6.87063373916667,49.9548730491666,9.28851258383334,48847716666666.7,2000,6
23.20884054,46.8169303,7887.2729235,30.197687875,62.924638,6.877674125,49.860886765,9.299135487,4.89298e+13,2000,7
23.1591916716667,46.853964015,7891.68726925,30.1661387275,62.9491467616666,6.88471451083333,49.7669004808334,9.30975839016666,49011883333333.3,2000,8
23.1095428033333,46.89099773,7896.101615,30.13458958,62.9736555233334,6.89175489666667,49.6729141966666,9.32038129333334,49093966666666.7,2000,9
23.059893935,46.928031445,7900.51596075,30.1030404325,62.998164285,6.8987952825,49.5789279125,9.3310041965,4.917605e+13,2000,10
23.0102450666667,46.96506516,7904.9303065,30.071491285,63.0226730466666,6.90583566833333,49.4849416283334,9.34162709966666,49258133333333.3,2000,11
22.9605961983333,47.002098875,7909.34465225,30.0399421375,63.0471818083334,6.91287605416667,49.3909553441666,9.35225000283334,49340216666666.7,2000,12
22.91094733,47.03913259,7913.758998,30.00839299,63.07169057,6.91991644,49.29696906,9.362872906,4.94223e+13,2001,1
22.9318191825,47.0800447366666,7920.24675974999,29.9756353316667,63.0970740133333,6.92729065499999,49.3011989558333,9.3969295848333,49517699999999.9,2001,2
22.952691035,47.1209568833334,7926.73452150001,29.9428776733333,63.1224574566667,6.93466487000001,49.3054288516667,9.4309862636667,49613100000000.1,2001,3
22.9735628875,47.16186903,7933.22228325,29.910120015,63.1478409,6.942039085,49.3096587475,9.4650429425,4.97085e+13,2001,4
22.99443474,47.2027811766666,7939.71004499999,29.8773623566667,63.1732243433333,6.94941329999999,49.3138886433333,9.4990996213333,49803899999999.9,2001,5
23.0153065925,47.2436933233334,7946.19780675001,29.8446046983333,63.1986077866667,6.95678751500001,49.3181185391667,9.5331563001667,49899300000000.1,2001,6
23.036178445,47.28460547,7952.6855685,29.81184704,63.22399123,6.96416173,49.322348435,9.567212979,4.99947e+13,2001,7
23.0570502975,47.3255176166666,7959.17333024999,29.7790893816667,63.2493746733333,6.97153594499999,49.3265783308333,9.6012696578333,50090099999999.9,2001,8
23.07792215,47.3664297633334,7965.66109200001,29.7463317233333,63.2747581166667,6.97891016000001,49.3308082266667,9.6353263366667,50185500000000.1,2001,9
23.0987940025,47.40734191,7972.14885375,29.713574065,63.30014156,6.986284375,49.3350381225,9.6693830155,5.02809e+13,2001,10
23.119665855,47.4482540566666,7978.63661549999,29.6808164066667,63.3255250033333,6.99365858999999,49.3392680183333,9.7034396943333,50376299999999.9,2001,11
23.1405377075,47.4891662033334,7985.12437725001,29.6480587483333,63.3509084466667,7.00103280500001,49.3434979141667,9.7374963731667,50471700000000.1,2001,12
23.16140956,47.53007835,7991.612139,29.61530109,63.37629189,7.00840702,49.34772781,9.771553052,5.05671e+13,2002,1
23.2236197191666,47.5712421366666,8003.41678408332,29.5831638516667,63.4011838558333,7.01565229249999,49.4875205516665,9.77082598625,50697466666666.5,2002,2
23.2858298783334,47.6124059233334,8015.22142916668,29.5510266133333,63.4260758216667,7.02289756500001,49.6273132933335,9.7700989205,50827833333333.5,2002,3
23.3480400375,47.65356971,8027.02607425,29.518889375,63.4509677875,7.0301428375,49.767106035,9.76937185475,5.09582e+13,2002,4
23.4102501966666,47.6947334966666,8038.83071933332,29.4867521366667,63.4758597533333,7.03738810999999,49.9068987766665,9.768644789,51088566666666.5,2002,5
23.4724603558334,47.7358972833334,8050.63536441668,29.4546148983333,63.5007517191667,7.04463338250001,50.0466915183335,9.76791772325,51218933333333.5,2002,6
23.534670515,47.77706107,8062.4400095,29.42247766,63.525643685,7.051878655,50.18648426,9.7671906575,5.13493e+13,2002,7
23.5968806741666,47.8182248566666,8074.24465458332,29.3903404216667,63.5505356508333,7.05912392749999,50.3262770016665,9.76646359175,51479666666666.5,2002,8
23.6590908333334,47.8593886433334,8086.04929966668,29.3582031833333,63.5754276166667,7.06636920000001,50.4660697433335,9.765736526,51610033333333.5,2002,9
23.7213009925,47.90055243,8097.85394475,29.326065945,63.6003195825,7.0736144725,50.605862485,9.76500946025,5.17404e+13,2002,10
23.7835111516666,47.9417162166666,8109.65858983332,29.2939287066667,63.6252115483333,7.08085974499999,50.7456552266665,9.7642823945,51870766666666.5,2002,11
23.8457213108334,47.9828800033334,8121.46323491668,29.2617914683333,63.6501035141667,7.08810501750001,50.8854479683335,9.76355532875,52001133333333.5,2002,12
23.90793147,48.02404379,8133.26788,29.22965423,63.67499548,7.09535029,51.02524071,9.762828263,5.21315e+13,2003,1
24.0632219991665,48.0657275666666,8154.54319333331,29.1979768883334,63.6997879125,7.10223519941666,51.3234857424997,9.82382269608328,52325866666666.5,2003,2
24.2185125283335,48.1074113433334,8175.81850666669,29.1662995466666,63.724580345,7.10912010883334,51.6217307750003,9.88481712916672,52520233333333.5,2003,3
24.3738030575,48.14909512,8197.09382,29.134622205,63.7493727775,7.11600501825,51.9199758075,9.94581156225,5.27146e+13,2003,4
24.5290935866665,48.1907788966666,8218.36913333331,29.1029448633334,63.77416521,7.12288992766666,52.2182208399997,10.0068059953333,52908966666666.5,2003,5
24.6843841158335,48.2324626733334,8239.64444666669,29.0712675216666,63.7989576425,7.12977483708334,52.5164658725003,10.0678004284167,53103333333333.5,2003,6
24.839674645,48.27414645,8260.91976,29.03959018,63.823750075,7.1366597465,52.814710905,10.1287948615,5.32977e+13,2003,7
24.9949651741665,48.3158302266666,8282.19507333331,29.0079128383334,63.8485425075,7.14354465591666,53.1129559374997,10.1897892945833,53492066666666.5,2003,8
25.1502557033335,48.3575140033334,8303.47038666669,28.9762354966666,63.87333494,7.15042956533334,53.4112009700003,10.2507837276667,53686433333333.5,2003,9
25.3055462325,48.39919778,8324.7457,28.944558155,63.8981273725,7.15731447475,53.7094460025,10.31177816075,5.38808e+13,2003,10
25.4608367616665,48.4408815566666,8346.02101333331,28.9128808133334,63.922919805,7.16419938416666,54.0076910349997,10.3727725938333,54075166666666.5,2003,11
25.6161272908335,48.4825653333334,8367.29632666669,28.8812034716666,63.9477122375,7.17108429358334,54.3059360675003,10.4337670269167,54269533333333.5,2003,12
25.77141782,48.52424911,8388.57164,28.84952613,63.97250467,7.177969203,54.6041811,10.49476146,5.44639e+13,2004,1
25.8776845016666,48.5662557833333,8407.49647866665,28.8178201233334,63.9974952483333,7.18468463108333,54.7742800199998,10.5401767908333,54646374999999.8,2004,2
25.9839511833334,48.6082624566667,8426.42131733335,28.7861141166666,64.0224858266667,7.19140005916667,54.9443789400002,10.5855921216667,54828850000000.2,2004,3
26.090217865,48.65026913,8445.346156,28.75440811,64.047476405,7.19811548725,55.11447786,10.6310074525,5.5011325e+13,2004,4
26.1964845466666,48.6922758033333,8464.27099466665,28.7227021033334,64.0724669833333,7.20483091533333,55.2845767799998,10.6764227833333,55193799999999.8,2004,5
26.3027512283334,48.7342824766667,8483.19583333335,28.6909960966666,64.0974575616667,7.21154634341667,55.4546757000002,10.7218381141667,55376275000000.2,2004,6
26.40901791,48.77628915,8502.120672,28.65929009,64.12244814,7.2182617715,55.62477462,10.767253445,5.555875e+13,2004,7
26.5152845916666,48.8182958233333,8521.04551066665,28.6275840833334,64.1474387183333,7.22497719958333,55.7948735399998,10.8126687758333,55741224999999.8,2004,8
26.6215512733334,48.8603024966667,8539.97034933335,28.5958780766666,64.1724292966667,7.23169262766667,55.9649724600002,10.8580841066667,55923700000000.2,2004,9
26.727817955,48.90230917,8558.895188,28.56417207,64.197419875,7.23840805575,56.13507138,10.9034994375,5.6106175e+13,2004,10
26.8340846366666,48.9443158433333,8577.82002666665,28.5324660633334,64.2224104533333,7.24512348383333,56.3051702999998,10.9489147683333,56288649999999.8,2004,11
26.9403513183334,48.9863225166667,8596.74486533335,28.5007600566666,64.2474010316667,7.25183891191667,56.4752692200002,10.9943300991667,56471125000000.2,2004,12
27.046618,49.02832919,8615.669704,28.46905405,64.27239161,7.25855434,56.64536814,11.03974543,5.66536e+13,2005,1
27.1845766108332,49.0696035083333,8638.22704616665,28.4411805541667,64.293665105,7.26515434033333,56.8253804016665,11.0740507541666,56864191666666.5,2005,2
27.3225352216668,49.1108778266667,8660.78438833335,28.4133070583333,64.3149386,7.27175434066667,57.0053926633335,11.1083560783334,57074783333333.5,2005,3
27.4604938325,49.152152145,8683.3417305,28.3854335625,64.336212095,7.278354341,57.185404925,11.1426614025,5.7285375e+13,2005,4
27.5984524433332,49.1934264633333,8705.89907266665,28.3575600666667,64.35748559,7.28495434133333,57.3654171866665,11.1769667266666,57495966666666.5,2005,5
27.7364110541668,49.2347007816667,8728.45641483335,28.3296865708333,64.378759085,7.29155434166667,57.5454294483335,11.2112720508334,57706558333333.5,2005,6
27.874369665,49.2759751,8751.013757,28.301813075,64.40003258,7.298154342,57.72544171,11.245577375,5.791715e+13,2005,7
28.0123282758332,49.3172494183333,8773.57109916665,28.2739395791667,64.421306075,7.30475434233333,57.9054539716665,11.2798826991666,58127741666666.5,2005,8
28.1502868866668,49.3585237366667,8796.12844133335,28.2460660833333,64.44257957,7.31135434266667,58.0854662333335,11.3141880233334,58338333333333.5,2005,9
28.2882454975,49.399798055,8818.6857835,28.2181925875,64.463853065,7.317954343,58.265478495,11.3484933475,5.8548925e+13,2005,10
28.4262041083332,49.4410723733333,8841.24312566665,28.1903190916667,64.48512656,7.32455434333333,58.4454907566665,11.3827986716666,58759516666666.5,2005,11
28.5641627191668,49.4823466916667,8863.80046783335,28.1624455958333,64.506400055,7.33115434366667,58.6255030183335,11.4171039958334,58970108333333.5,2005,12
28.70212133,49.52362101,8886.35781,28.1345721,64.52767355,7.337754344,58.80551528,11.45140932,5.91807e+13,2006,1
28.7801611341666,49.56404444,8909.06422549998,28.11225923,64.544153265,7.34358749916666,58.8376907791666,11.5036071725,59396374999999.8,2006,2
28.8582009383334,49.60446787,8931.77064100002,28.08994636,64.56063298,7.34942065433334,58.8698662783334,11.555805025,59612050000000.2,2006,3
28.9362407425,49.6448913,8954.4770565,28.06763349,64.577112695,7.3552538095,58.9020417775,11.6080028775,5.9827725e+13,2006,4
29.0142805466666,49.68531473,8977.18347199998,28.04532062,64.59359241,7.36108696466666,58.9342172766666,11.66020073,60043399999999.8,2006,5
29.0923203508334,49.72573816,8999.88988750002,28.02300775,64.610072125,7.36692011983334,58.9663927758334,11.7123985825,60259075000000.2,2006,6
29.170360155,49.76616159,9022.596303,28.00069488,64.62655184,7.372753275,58.998568275,11.764596435,6.047475e+13,2006,7
29.2483999591666,49.80658502,9045.30271849998,27.97838201,64.643031555,7.37858643016666,59.0307437741666,11.8167942875,60690424999999.8,2006,8
29.3264397633334,49.84700845,9068.00913400002,27.95606914,64.65951127,7.38441958533334,59.0629192733334,11.86899214,60906100000000.2,2006,9
29.4044795675,49.88743188,9090.7155495,27.93375627,64.675990985,7.3902527405,59.0950947725,11.9211899925,6.1121775e+13,2006,10
29.4825193716666,49.92785531,9113.42196499998,27.9114434,64.6924707,7.39608589566666,59.1272702716666,11.973387845,61337449999999.8,2006,11
29.5605591758334,49.96827874,9136.12838050002,27.88913053,64.708950415,7.40191905083334,59.1594457708334,12.0255856975,61553125000000.2,2006,12
29.63859898,50.00870217,9158.834796,27.86681766,64.72543013,7.407752206,59.19162127,12.07778355,6.17688e+13,2007,1
29.7360828116666,50.0502231558333,9164.72521916666,27.8483912958333,64.7391241433333,7.41248455733333,59.3270164074999,12.1074712491666,61874633333333.2,2007,2
29.8335666433334,50.0917441416667,9170.61564233334,27.8299649316666,64.7528181566667,7.41721690866667,59.4624115450001,12.1371589483334,61980466666666.8,2007,3
29.931050475,50.1332651275,9176.5060655,27.8115385675,64.76651217,7.42194926,59.5978066825,12.1668466475,6.20863e+13,2007,4
30.0285343066666,50.1747861133333,9182.39648866666,27.7931122033334,64.7802061833333,7.42668161133333,59.7332018199999,12.1965343466666,62192133333333.2,2007,5
30.1260181383334,50.2163070991667,9188.28691183334,27.7746858391667,64.7939001966667,7.43141396266667,59.8685969575001,12.2262220458334,62297966666666.8,2007,6
30.22350197,50.257828085,9194.177335,27.756259475,64.80759421,7.436146314,60.003992095,12.255909745,6.24038e+13,2007,7
30.3209858016666,50.2993490708333,9200.06775816666,27.7378331108333,64.8212882233333,7.44087866533333,60.1393872324999,12.2855974441666,62509633333333.2,2007,8
30.4184696333334,50.3408700566667,9205.95818133334,27.7194067466666,64.8349822366667,7.44561101666667,60.2747823700001,12.3152851433334,62615466666666.8,2007,9
30.515953465,50.3823910425,9211.8486045,27.7009803825,64.84867625,7.450343368,60.4101775075,12.3449728425,6.27213e+13,2007,10
30.6134372966666,50.4239120283333,9217.73902766666,27.6825540183334,64.8623702633333,7.45507571933333,60.5455726449999,12.3746605416666,62827133333333.2,2007,11
30.7109211283334,50.4654330141667,9223.62945083334,27.6641276541667,64.8760642766667,7.45980807066667,60.6809677825001,12.4043482408334,62932966666666.8,2007,12
30.80840496,50.506954,9229.519874,27.64570129,64.88975829,7.464540422,60.81636292,12.43403594,6.30388e+13,2008,1
30.4274830233337,50.5478004666666,9209.75987741668,27.6301772416667,64.9007855025,7.46903725733333,60.1072226650006,12.3775153225001,62968283333333.4,2008,2
30.0465610866663,50.5886469333334,9189.99988083331,27.6146531933333,64.911812715,7.47353409266667,59.3980824099994,12.3209947049999,62897766666666.6,2008,3
29.66563915,50.6294934,9170.23988425,27.599129145,64.9228399275,7.478030928,58.688942155,12.2644740875,6.282725e+13,2008,4
29.2847172133337,50.6703398666666,9150.47988766668,27.5836050966667,64.93386714,7.48252776333333,57.9798019000006,12.2079534700001,62756733333333.4,2008,5
28.9037952766663,50.7111863333334,9130.71989108332,27.5680810483333,64.9448943525,7.48702459866667,57.2706616449994,12.1514328524999,62686216666666.6,2008,6
28.52287334,50.7520328,9110.9598945,27.552557,64.955921565,7.491521434,56.56152139,12.094912235,6.26157e+13,2008,7
28.1419514033337,50.7928792666666,9091.19989791668,27.5370329516667,64.9669487775,7.49601826933333,55.8523811350006,12.0383916175001,62545183333333.4,2008,8
27.7610294666663,50.8337257333334,9071.43990133331,27.5215089033333,64.97797599,7.50051510466667,55.1432408799994,11.9818709999999,62474666666666.6,2008,9
27.38010753,50.8745722,9051.67990475,27.505984855,64.9890032025,7.50501194,54.434100625,11.9253503825,6.240415e+13,2008,10
26.9991855933337,50.9154186666666,9031.91990816668,27.4904608066667,65.000030415,7.50950877533333,53.7249603700006,11.8688297650001,62333633333333.4,2008,11
26.6182636566663,50.9562651333334,9012.15991158332,27.4749367583333,65.0110576275,7.51400561066667,53.0158201149994,11.8123091474999,62263116666666.6,2008,12
26.23734172,50.9971116,8992.399915,27.45941271,65.02208484,7.518502446,52.30667986,11.75578853,6.21926e+13,2009,1
26.4301251033332,51.0370668141666,9016.79364791664,27.4451369133333,65.0313830216667,7.52348006175,52.669749663333,11.758587335,62426724999999.8,2009,2
26.6229084866668,51.0770220283334,9041.18738083335,27.4308611166667,65.0406812033333,7.5284576775,53.032819466667,11.76138614,62660850000000.2,2009,3
26.81569187,51.1169772425,9065.58111375,27.41658532,65.049979385,7.53343529325,53.39588927,11.764184945,6.2894975e+13,2009,4
27.0084752533332,51.1569324566666,9089.97484666664,27.4023095233333,65.0592775666667,7.538412909,53.758959073333,11.76698375,63129099999999.8,2009,5
27.2012586366668,51.1968876708334,9114.36857958336,27.3880337266667,65.0685757483333,7.54339052475,54.122028876667,11.769782555,63363225000000.2,2009,6
27.39404202,51.236842885,9138.7623125,27.37375793,65.07787393,7.5483681405,54.48509868,11.77258136,6.359735e+13,2009,7
27.5868254033332,51.2767980991666,9163.15604541664,27.3594821333333,65.0871721116667,7.55334575625,54.848168483333,11.775380165,63831474999999.8,2009,8
27.7796087866668,51.3167533133334,9187.54977833336,27.3452063366667,65.0964702933333,7.558323372,55.211238286667,11.77817897,64065600000000.2,2009,9
27.97239217,51.3567085275,9211.94351125,27.33093054,65.105768475,7.56330098775,55.57430809,11.780977775,6.4299725e+13,2009,10
28.1651755533332,51.3966637416666,9236.33724416665,27.3166547433333,65.1150666566667,7.5682786035,55.937377893333,11.78377658,64533849999999.8,2009,11
28.3579589366668,51.4366189558334,9260.73097708336,27.3023789466667,65.1243648383333,7.57325621925,56.300447696667,11.786575385,64767975000000.2,2009,12
28.55074232,51.47657417,9285.12471,27.28810315,65.13366302,7.578233835,56.6635175,11.78937419,6.50021e+13,2010,1
28.7001489774999,51.5136383216666,9301.28870041665,27.2751887125,65.1396934033333,7.58511788799999,56.9235367983331,11.7996700525,65182824999999.8,2010,2
28.8495556350001,51.5507024733334,9317.45269083335,27.262274275,65.1457237866667,7.59200194100001,57.1835560966669,11.809965915,65363550000000.2,2010,3
28.9989622925,51.587766625,9333.61668125,27.2493598375,65.15175417,7.598885994,57.443575395,11.8202617775,6.5544275e+13,2010,4
29.1483689499999,51.6248307766666,9349.78067166665,27.2364454,65.1577845533333,7.60577004699999,57.7035946933331,11.83055764,65724999999999.8,2010,5
29.2977756075001,51.6618949283334,9365.94466208335,27.2235309625,65.1638149366667,7.61265410000001,57.9636139916669,11.8408535025,65905725000000.2,2010,6
29.447182265,51.69895908,9382.1086525,27.210616525,65.16984532,7.619538153,58.22363329,11.851149365,6.608645e+13,2010,7
29.5965889224999,51.7360232316666,9398.27264291665,27.1977020875,65.1758757033333,7.62642220599999,58.4836525883331,11.8614452275,66267174999999.8,2010,8
29.7459955800001,51.7730873833334,9414.43663333335,27.18478765,65.1819060866667,7.63330625900001,58.7436718866669,11.87174109,66447900000000.2,2010,9
29.8954022375,51.810151535,9430.60062375,27.1718732125,65.18793647,7.640190312,59.003691185,11.8820369525,6.6628625e+13,2010,10
30.0448088949999,51.8472156866666,9446.76461416665,27.158958775,65.1939668533333,7.64707436499999,59.2637104833331,11.892332815,66809349999999.8,2010,11
30.1942155525001,51.8842798383334,9462.92860458335,27.1460443375,65.1999972366667,7.65395841800001,59.5237297816669,11.9026286775,66990075000000.2,2010,12
30.34362221,51.92134399,9479.092595,27.1331299,65.20602762,7.660842471,59.78374908,11.91292454,6.71708e+13,2011,1
30.3256455425,51.9580487341666,9490.22657058332,27.1219308125,65.2070966458333,7.67097253366666,59.7683784116667,11.9239292625,67321483333333.2,2011,2
30.307668875,51.9947534783334,9501.36054616668,27.110731725,65.2081656716667,7.68110259633334,59.7530077433333,11.934933985,67472166666666.8,2011,3
30.2896922075,52.0314582225,9512.49452175,27.0995326375,65.2092346975,7.691232659,59.737637075,11.9459387075,6.762285e+13,2011,4
30.27171554,52.0681629666666,9523.62849733332,27.08833355,65.2103037233333,7.70136272166666,59.7222664066667,11.95694343,67773533333333.2,2011,5
30.2537388725,52.1048677108334,9534.76247291668,27.0771344625,65.2113727491667,7.71149278433334,59.7068957383333,11.9679481525,67924216666666.8,2011,6
30.235762205,52.141572455,9545.8964485,27.065935375,65.212441775,7.721622847,59.69152507,11.978952875,6.80749e+13,2011,7
30.2177855375,52.1782771991666,9557.03042408332,27.0547362875,65.2135108008333,7.73175290966666,59.6761544016667,11.9899575975,68225583333333.2,2011,8
30.19980887,52.2149819433334,9568.16439966668,27.0435372,65.2145798266667,7.74188297233334,59.6607837333333,12.00096232,68376266666666.8,2011,9
30.1818322025,52.2516866875,9579.29837525,27.0323381125,65.2156488525,7.752013035,59.645413065,12.0119670425,6.852695e+13,2011,10
30.163855535,52.2883914316666,9590.43235083332,27.021139025,65.2167178783333,7.76214309766666,59.6300423966667,12.022971765,68677633333333.2,2011,11
30.1458788675,52.3250961758334,9601.56632641668,27.0099399375,65.2177869041667,7.77227316033334,59.6146717283333,12.0339764875,68828316666666.8,2011,12
30.1279022,52.36180092,9612.700302,26.99874085,65.21885593,7.782403223,59.59930106,12.04498121,6.8979e+13,2012,1
30.1269564258333,52.3995637508333,9625.56200374999,26.9889009216667,65.2171590391667,7.79394004199999,59.5402503316667,12.0804906366666,69144133333333.2,2012,2
30.1260106516667,52.4373265816667,9638.42370550001,26.9790609933333,65.2154621483333,7.80547686100001,59.4811996033333,12.1160000633334,69309266666666.8,2012,3
30.1250648775,52.4750894125,9651.28540725,26.969221065,65.2137652575,7.81701368,59.422148875,12.15150949,6.94744e+13,2012,4
30.1241191033333,52.5128522433333,9664.14710899999,26.9593811366667,65.2120683666667,7.82855049899999,59.3630981466667,12.1870189166666,69639533333333.2,2012,5
30.1231733291667,52.5506150741667,9677.00881075001,26.9495412083333,65.2103714758333,7.84008731800001,59.3040474183333,12.2225283433334,69804666666666.8,2012,6
30.122227555,52.588377905,9689.8705125,26.93970128,65.208674585,7.851624137,59.24499669,12.25803777,6.99698e+13,2012,7
30.1212817808333,52.6261407358333,9702.73221424999,26.9298613516667,65.2069776941667,7.86316095599999,59.1859459616667,12.2935471966666,70134933333333.2,2012,8
30.1203360066667,52.6639035666667,9715.59391600001,26.9200214233333,65.2052808033333,7.87469777500001,59.1268952333333,12.3290566233334,70300066666666.8,2012,9
30.1193902325,52.7016663975,9728.45561775,26.910181495,65.2035839125,7.886234594,59.067844505,12.36456605,7.04652e+13,2012,10
30.1184444583333,52.7394292283333,9741.31731949999,26.9003415666667,65.2018870216667,7.89777141299999,59.0087937766667,12.4000754766666,70630333333333.2,2012,11
30.1174986841667,52.7771920591667,9754.17902125001,26.8905016383333,65.2001901308333,7.90930823200001,58.9497430483333,12.4355849033334,70795466666666.8,2012,12
30.11655291,52.81495489,9767.040723,26.88066171,65.19849324,7.920845051,58.89069232,12.47109433,7.09606e+13,2013,1
30.0876644108334,52.8528696583333,9782.41569808332,26.87104254,65.1950307958333,7.93392666533332,58.8400240458334,12.5151065575,71145774999999.8,2013,2
30.0587759116666,52.8907844266667,9797.79067316668,26.86142337,65.1915683516667,7.94700827966668,58.7893557716666,12.559118785,71330950000000.2,2013,3
30.0298874125,52.928699195,9813.16564825,26.8518042,65.1881059075,7.960089894,58.7386874975,12.6031310125,7.1516125e+13,2013,4
30.0009989133334,52.9666139633333,9828.54062333332,26.84218503,65.1846434633333,7.97317150833332,58.6880192233334,12.64714324,71701299999999.8,2013,5
29.9721104141666,53.0045287316667,9843.91559841668,26.83256586,65.1811810191667,7.98625312266668,58.6373509491666,12.6911554675,71886475000000.2,2013,6
29.943221915,53.0424435,9859.2905735,26.82294669,65.177718575,7.999334737,58.586682675,12.735167695,7.207165e+13,2013,7
29.9143334158334,53.0803582683333,9874.66554858332,26.81332752,65.1742561308333,8.01241635133332,58.5360144008334,12.7791799225,72256824999999.8,2013,8
29.8854449166666,53.1182730366667,9890.04052366668,26.80370835,65.1707936866667,8.02549796566668,58.4853461266666,12.82319215,72442000000000.2,2013,9
29.8565564175,53.156187805,9905.41549875,26.79408918,65.1673312425,8.03857958,58.4346778525,12.8672043775,7.2627175e+13,2013,10
29.8276679183334,53.1941025733333,9920.79047383332,26.78447001,65.1638687983333,8.05166119433332,58.3840095783334,12.911216605,72812349999999.8,2013,11
29.7987794191666,53.2320173416667,9936.16544891668,26.77485084,65.1604063541667,8.06474280866668,58.3333413041666,12.9552288325,72997525000000.2,2013,12
29.76989092,53.26993211,9951.540424,26.76523167,65.15694391,8.077824423,58.28267303,12.99924106,7.31827e+13,2014,1
29.6350260216668,53.3086671266666,9967.42401199999,26.7543523991667,65.1528187891667,8.09282881474999,58.0851174291668,13.0132937316667,73373516666666.5,2014,2
29.5001611233332,53.3474021433334,9983.30760000001,26.7434731283333,65.1486936683333,8.10783320650001,57.8875618283332,13.0273464033333,73564333333333.5,2014,3
29.365296225,53.38613716,9999.191188,26.7325938575,65.1445685475,8.12283759825,57.6900062275,13.041399075,7.375515e+13,2014,4
29.2304313266668,53.4248721766666,10015.074776,26.7217145866667,65.1404434266667,8.13784198999999,57.4924506266668,13.0554517466667,73945966666666.5,2014,5
29.0955664283332,53.4636071933334,10030.958364,26.7108353158333,65.1363183058333,8.15284638175001,57.2948950258331,13.0695044183333,74136783333333.5,2014,6
28.96070153,53.50234221,10046.841952,26.699956045,65.132193185,8.1678507735,57.097339425,13.08355709,7.43276e+13,2014,7
28.8258366316668,53.5410772266666,10062.72554,26.6890767741667,65.1280680641667,8.18285516524999,56.8997838241668,13.0976097616667,74518416666666.5,2014,8
28.6909717333332,53.5798122433334,10078.609128,26.6781975033333,65.1239429433333,8.19785955700001,56.7022282233332,13.1116624333333,74709233333333.5,2014,9
28.556106835,53.61854726,10094.492716,26.6673182325,65.1198178225,8.21286394875,56.5046726225,13.125715105,7.490005e+13,2014,10
28.4212419366668,53.6572822766666,10110.376304,26.6564389616667,65.1156927016667,8.22786834049999,56.3071170216668,13.1397677766667,75090866666666.5,2014,11
28.2863770383332,53.6960172933334,10126.259892,26.6455596908333,65.1115675808333,8.24287273225001,56.1095614208332,13.1538204483333,75281683333333.5,2014,12
28.15151214,53.73475231,10142.14348,26.63468042,65.10744246,8.257877124,55.91200582,13.16787312,7.54725e+13,2015,1
28.0719721733334,53.7731505258333,10155.876875,26.6231275391667,65.1031233891667,8.27374907541665,55.7621784658335,13.1643732675,75649466666666.5,2015,2
27.9924322066666,53.8115487416667,10169.61027,26.6115746583333,65.0988043183333,8.28962102683335,55.6123511116665,13.160873415,75826433333333.5,2015,3
27.91289224,53.8499469575,10183.343665,26.6000217775,65.0944852475,8.30549297825,55.4625237575,13.1573735625,7.60034e+13,2015,4
27.8333522733334,53.8883451733333,10197.07706,26.5884688966667,65.0901661766667,8.32136492966665,55.3126964033335,13.15387371,76180366666666.5,2015,5
27.7538123066666,53.9267433891667,10210.810455,26.5769160158333,65.0858471058333,8.33723688108335,55.1628690491665,13.1503738575,76357333333333.5,2015,6
27.67427234,53.965141605,10224.54385,26.565363135,65.081528035,8.3531088325,55.013041695,13.146874005,7.65343e+13,2015,7
27.5947323733334,54.0035398208333,10238.277245,26.5538102541667,65.0772089641667,8.36898078391665,54.8632143408335,13.1433741525,76711266666666.5,2015,8
27.5151924066666,54.0419380366667,10252.01064,26.5422573733333,65.0728898933333,8.38485273533335,54.7133869866665,13.1398743,76888233333333.5,2015,9
27.43565244,54.0803362525,10265.744035,26.5307044925,65.0685708225,8.40072468675,54.5635596325,13.1363744475,7.70652e+13,2015,10
27.3561124733334,54.1187344683333,10279.47743,26.5191516116667,65.0642517516667,8.41659663816665,54.4137322783335,13.132874595,77242166666666.5,2015,11
27.2765725066666,54.1571326841667,10293.210825,26.5075987308333,65.0599326808333,8.43246858958335,54.2639049241665,13.1293747425,77419133333333.5,2015,12
27.19703254,54.1955309,10306.94422,26.49604585,65.05561361,8.448340541,54.11407757,13.12587489,7.75961e+13,2016,1
27.2751823883333,54.2331274208333,10326.6008408333,26.4851277791667,65.0493569458333,8.46551527583332,54.2574742899999,13.1499265033333,77819283333333.1,2016,2
27.3533322366667,54.2707239416667,10346.2574616667,26.4742097083333,65.0431002816667,8.48269001066668,54.4008710100001,13.1739781166667,78042466666666.9,2016,3
27.431482085,54.3083204625,10365.9140825,26.4632916375,65.0368436175,8.4998647455,54.54426773,13.19802973,7.826565e+13,2016,4
27.5096319333333,54.3459169833333,10385.5707033333,26.4523735666667,65.0305869533333,8.51703948033332,54.6876644499999,13.2220813433333,78488833333333.1,2016,5
27.5877817816667,54.3835135041667,10405.2273241667,26.4414554958333,65.0243302891667,8.53421421516668,54.8310611700001,13.2461329566667,78712016666666.9,2016,6
27.66593163,54.421110025,10424.883945,26.430537425,65.018073625,8.55138895,54.97445789,13.27018457,7.89352e+13,2016,7
27.7440814783333,54.4587065458333,10444.5405658333,26.4196193541667,65.0118169608333,8.56856368483332,55.1178546099999,13.2942361833333,79158383333333.1,2016,8
27.8222313266667,54.4963030666667,10464.1971866667,26.4087012833333,65.0055602966667,8.58573841966668,55.2612513300001,13.3182877966667,79381566666666.9,2016,9
27.900381175,54.5338995875,10483.8538075,26.3977832125,64.9993036325,8.6029131545,55.40464805,13.34233941,7.960475e+13,2016,10
27.9785310233333,54.5714961083333,10503.5104283333,26.3868651416667,64.9930469683333,8.62008788933332,55.5480447699999,13.3663910233333,79827933333333.1,2016,11
28.0566808716667,54.6090926291667,10523.1670491667,26.3759470708333,64.9867903041667,8.63726262416668,55.6914414900001,13.3904426366667,80051116666666.9,2016,12
28.13483072,54.64668915,10542.82367,26.365029,64.98053364,8.654437359,55.83483821,13.41449425,8.02743e+13,2017,1
28.2082412858333,54.6835107733333,10561.9473941666,26.3525385333333,64.9746202508333,8.67284121508332,55.9613040083332,13.4410570658333,80493858333333.1,2017,2
28.2816518516667,54.7203323966667,10581.0711183334,26.3400480666667,64.9687068616667,8.69124507116668,56.0877698066668,13.4676198816667,80713416666666.9,2017,3
28.3550624175,54.75715402,10600.1948425,26.3275576,64.9627934725,8.70964892725,56.214235605,13.4941826975,8.0932975e+13,2017,4
28.4284729833333,54.7939756433333,10619.3185666666,26.3150671333333,64.9568800833333,8.72805278333332,56.3407014033332,13.5207455133333,81152533333333.1,2017,5
28.5018835491667,54.8307972666667,10638.4422908334,26.3025766666667,64.9509666941667,8.74645663941668,56.4671672016668,13.5473083291667,81372091666666.9,2017,6
28.575294115,54.86761889,10657.566015,26.2900862,64.945053305,8.7648604955,56.593633,13.573871145,8.159165e+13,2017,7
28.6487046808333,54.9044405133333,10676.6897391666,26.2775957333333,64.9391399158333,8.78326435158332,56.7200987983332,13.6004339608333,81811208333333.1,2017,8
28.7221152466667,54.9412621366667,10695.8134633334,26.2651052666667,64.9332265266667,8.80166820766668,56.8465645966668,13.6269967766667,82030766666666.9,2017,9
28.7955258125,54.97808376,10714.9371875,26.2526148,64.9273131375,8.82007206375,56.973030395,13.6535595925,8.2250325e+13,2017,10
28.8689363783333,55.0149053833333,10734.0609116666,26.2401243333333,64.9213997483333,8.83847591983332,57.0994961933332,13.6801224083333,82469883333333.1,2017,11
28.9423469441667,55.0517270066667,10753.1846358334,26.2276338666667,64.9154863591667,8.85687977591668,57.2259619916668,13.7066852241667,82689441666666.9,2017,12
29.01575751,55.08854863,10772.30836,26.2151434,64.90957297,8.875283632,57.35242779,13.73324804,8.2909e+13,2018,1
28.9424469841667,55.1250203825,10786.8016633333,26.200359355,64.9053133991667,8.89432724774998,57.2496327608334,13.7523636075,83093883333333.2,2018,2
28.8691364583333,55.161492135,10801.2949666667,26.18557531,64.9010538283333,8.91337086350002,57.1468377316666,13.771479175,83278766666666.8,2018,3
28.7958259325,55.1979638875,10815.78827,26.170791265,64.8967942575,8.93241447925,57.0440427025,13.7905947425,8.346365e+13,2018,4
28.7225154066667,55.23443564,10830.2815733333,26.15600722,64.8925346866667,8.95145809499998,56.9412476733334,13.80971031,83648533333333.2,2018,5
28.6492048808333,55.2709073925,10844.7748766667,26.141223175,64.8882751158333,8.97050171075002,56.8384526441666,13.8288258775,83833416666666.8,2018,6
28.575894355,55.307379145,10859.26818,26.12643913,64.884015545,8.9895453265,56.735657615,13.847941445,8.40183e+13,2018,7
28.5025838291667,55.3438508975,10873.7614833333,26.111655085,64.8797559741667,9.00858894224998,56.6328625858334,13.8670570125,84203183333333.2,2018,8
28.4292733033333,55.38032265,10888.2547866667,26.09687104,64.8754964033333,9.02763255800002,56.5300675566666,13.88617258,84388066666666.8,2018,9
28.3559627775,55.4167944025,10902.74809,26.082086995,64.8712368325,9.04667617375,56.4272725275,13.9052881475,8.457295e+13,2018,10
28.2826522516667,55.453266155,10917.2413933333,26.06730295,64.8669772616667,9.06571978949998,56.3244774983334,13.924403715,84757833333333.2,2018,11
28.2093417258333,55.4897379075,10931.7346966667,26.052518905,64.8627176908333,9.08476340525002,56.2216824691666,13.9435192825,84942716666666.8,2018,12
28.1360312,55.52620966,10946.228,26.03773486,64.85845812,9.103807021,56.11888744,13.96263485,8.51276e+13,2019,1
27.9759689866668,55.5627470833333,10911.0357575,26.0204319908333,64.8567204641667,9.12284754591665,55.7944916725003,13.7948111733335,84923416666666.9,2019,2
27.8159067733332,55.5992845066667,10875.843515,26.0031291216667,64.8549828083333,9.14188807083335,55.4700959049997,13.6269874966665,84719233333333.1,2019,3
27.65584456,55.63582193,10840.6512725,25.9858262525,64.8532451525,9.16092859575,55.1457001375,13.45916382,8.451505e+13,2019,4
27.4957823466668,55.6723593533333,10805.45903,25.9685233833333,64.8515074966667,9.17996912066665,54.8213043700003,13.2913401433335,84310866666666.9,2019,5
27.3357201333332,55.7088967766667,10770.2667875,25.9512205141667,64.8497698408333,9.19900964558335,54.4969086024997,13.1235164666665,84106683333333.1,2019,6
27.17565792,55.7454342,10735.074545,25.933917645,64.848032185,9.2180501705,54.172512835,12.95569279,8.39025e+13,2019,7
27.0155957066668,55.7819716233333,10699.8823025,25.9166147758333,64.8462945291667,9.23709069541665,53.8481170675003,12.7878691133335,83698316666666.9,2019,8
26.8555334933332,55.8185090466667,10664.69006,25.8993119066667,64.8445568733333,9.25613122033335,53.5237212999997,12.6200454366665,83494133333333.1,2019,9
26.69547128,55.85504647,10629.4978175,25.8820090375,64.8428192175,9.27517174525,53.1993255325,12.45222176,8.328995e+13,2019,10
26.5354090666668,55.8915838933333,10594.305575,25.8647061683333,64.8410815616667,9.29421227016665,52.8749297650003,12.2843980833335,83085766666666.9,2019,11
26.3753468533332,55.9281213166667,10559.1133325,25.8474032991667,64.8393439058333,9.31325279508335,52.5505339974997,12.1165744066665,82881583333333.1,2019,12
26.21528464,55.96465874,10523.92109,25.83010043,64.83760625,9.33229332,52.22613823,11.94875073,8.26774e+13,2020,1
26.4274875916665,55.9989497425,10571.9521408333,25.8114342383334,64.8400146275,9.34855113441665,52.6296909524996,11.9798314141666,83114908333332.9,2020,2
26.6396905433335,56.033240745,10619.9831916667,25.7927680466667,64.842423005,9.36480894883335,53.0332436750004,12.0109120983334,83552416666667.1,2020,3
26.851893495,56.0675317475,10668.0142425,25.774101855,64.8448313825,9.38106676325,53.4367963975,12.0419927825,8.3989925e+13,2020,4
27.0640964466665,56.10182275,10716.0452933333,25.7554356633334,64.84723976,9.39732457766665,53.8403491199996,12.0730734666666,84427433333332.9,2020,5
27.2762993983335,56.1361137525,10764.0763441667,25.7367694716667,64.8496481375,9.41358239208335,54.2439018425004,12.1041541508334,84864941666667.1,2020,6
27.48850235,56.170404755,10812.107395,25.71810328,64.852056515,9.4298402065,54.647454565,12.135234835,8.530245e+13,2020,7
27.7007053016665,56.2046957575,10860.1384458333,25.6994370883334,64.8544648925,9.44609802091665,55.0510072874996,12.1663155191666,85739958333332.9,2020,8
27.9129082533335,56.23898676,10908.1694966667,25.6807708966667,64.85687327,9.46235583533335,55.4545600100004,12.1973962033334,86177466666667.1,2020,9
28.125111205,56.2732777625,10956.2005475,25.662104705,64.8592816475,9.47861364975,55.8581127325,12.2284768875,8.6614975e+13,2020,10
28.3373141566665,56.307568765,11004.2315983333,25.6434385133334,64.861690025,9.49487146416665,56.2616654549996,12.2595575716666,87052483333332.9,2020,11
28.5495171083335,56.3418597675,11052.2626491667,25.6247723216667,64.8640984025,9.51112927858335,56.6652181775004,12.2906382558334,87489991666667.1,2020,12
28.76172006,56.37615077,11100.2937,25.60610613,64.86650678,9.527387093,57.0687709,12.32171894,8.79275e+13,2021,1
28.9477183908332,56.4126630758333,11122.0234275,25.584404795,64.8705964091667,9.54499879866665,57.5500101691662,12.4318254833332,88164758333333.1,2021,2
29.1337167216668,56.4491753816667,11143.753155,25.56270346,64.8746860383333,9.56261050433335,58.0312494383338,12.5419320266668,88402016666666.9,2021,3
29.3197150525,56.4856876875,11165.4828825,25.541002125,64.8787756675,9.58022221,58.5124887075,12.65203857,8.8639275e+13,2021,4
29.5057133833332,56.5221999933333,11187.21261,25.51930079,64.8828652966667,9.59783391566665,58.9937279766662,12.7621451133332,88876533333333.1,2021,5
29.6917117141668,56.5587122991667,11208.9423375,25.497599455,64.8869549258333,9.61544562133335,59.4749672458338,12.8722516566668,89113791666666.9,2021,6
29.877710045,56.595224605,11230.672065,25.47589812,64.891044555,9.633057327,59.956206515,12.9823582,8.935105e+13,2021,7
30.0637083758332,56.6317369108333,11252.4017925,25.454196785,64.8951341841667,9.65066903266665,60.4374457841662,13.0924647433332,89588308333333.1,2021,8
30.2497067066668,56.6682492166667,11274.13152,25.43249545,64.8992238133333,9.66828073833335,60.9186850533338,13.2025712866668,89825566666666.9,2021,9
30.4357050375,56.7047615225,11295.8612475,25.410794115,64.9033134425,9.685892444,61.3999243225,13.31267783,9.0062825e+13,2021,10
30.6217033683332,56.7412738283333,11317.590975,25.38909278,64.9074030716667,9.70350414966665,61.8811635916662,13.4227843733332,90300083333333.1,2021,11
30.8077016991668,56.7777861341667,11339.3207025,25.367391445,64.9114927008333,9.72111585533335,62.3624028608338,13.5328909166668,90537341666666.9,2021,12
